code,system
1568842,ICD10CM
1568842,ICD10CM
44828945,ICD10CM
44828945,ICD10CM
374954,ICD10CM
374954,ICD10CM
1568842,ICD10CM
1568842,ICD10CM
44828945,ICD10CM
44828945,ICD10CM
374954,ICD10CM
374954,ICD10CM
45533338,ICD10CM
45543063,ICD10CM
45552711,ICD10CM
45533338,ICD10CM
45543063,ICD10CM
45552711,ICD10CM
44835896,ICD10CM
44835896,ICD10CM
45533338,ICD10CM
45543063,ICD10CM
45552711,ICD10CM
45533338,ICD10CM
45543063,ICD10CM
45552711,ICD10CM
44835896,ICD10CM
44835896,ICD10CM
45533339,ICD10CM
45571995,ICD10CM
45533339,ICD10CM
45571995,ICD10CM
45533339,ICD10CM
45571995,ICD10CM
45533339,ICD10CM
45571995,ICD10CM
45552710,ICD10CM
45576775,ICD10CM
45576775,ICD10CM
45552710,ICD10CM
45552710,ICD10CM
45576775,ICD10CM
45576775,ICD10CM
45552710,ICD10CM
45581685,ICD10CM
45581685,ICD10CM
44826610,ICD10CM
44826610,ICD10CM
45581685,ICD10CM
45581685,ICD10CM
44826610,ICD10CM
44826610,ICD10CM
45586484,ICD10CM
45600943,ICD10CM
45586484,ICD10CM
45600943,ICD10CM
44833518,ICD10CM
44833518,ICD10CM
435269,ICD10CM
435269,ICD10CM
45586484,ICD10CM
45600943,ICD10CM
45586484,ICD10CM
45600943,ICD10CM
44833518,ICD10CM
44833518,ICD10CM
435269,ICD10CM
435269,ICD10CM
45591375,ICD10CM
45600944,ICD10CM
45591375,ICD10CM
45600944,ICD10CM
44827755,ICD10CM
44827755,ICD10CM
379818,ICD10CM
379818,ICD10CM
45591375,ICD10CM
45600944,ICD10CM
45591375,ICD10CM
45600944,ICD10CM
44827755,ICD10CM
44827755,ICD10CM
379818,ICD10CM
379818,ICD10CM
380995,ICD10CM
380995,ICD10CM
380995,ICD10CM
380995,ICD10CM
4151453,ICD10CM
4151453,ICD10CM
4151453,ICD10CM
4151453,ICD10CM
4152559,ICD10CM
4259501,ICD10CM
4152559,ICD10CM
4259501,ICD10CM
4152559,ICD10CM
4259501,ICD10CM
4152559,ICD10CM
4259501,ICD10CM
4197570,ICD10CM
4197570,ICD10CM
4197570,ICD10CM
4197570,ICD10CM
4259502,ICD10CM
4259502,ICD10CM
4259502,ICD10CM
4259502,ICD10CM